{"rmse": 40.673468007212094, "mae": 20.91203925054161, "r2": 0.8779036061084763}